{
  "users": [
    {
      "name": "WangWei",
      "phone": "136......5146",
      "email": "790....07.@qq.com",
      "id": 1,
      "age": 18,
      "companyId": 1
    },
    {
      "name": "XiaoMing",
      "phoen": "26546512",
      "email": "120....06.@qq.com",
      "id": 2
    },
    {
      "name": "LuFei",
      "phone": "137......5188",
      "email": "790....57.@qq.com",
      "id": 3,
      "age": 16,
      "companyId": 3
    },
    {
      "name": "Athors",
      "phone": "134......8432",
      "email": "873....02.@qq.com",
      "age": 20,
      "id": 4,
      "companyId": 3
    }
  ],
  "companies": [
    {
      "id": 1,
      "name": "Apple",
      "description": " Apple is well!"
    },
    {
      "id": 2,
      "name": "BaiDu",
      "description": " BaiDu is well!"
    },
    {
      "id": 3,
      "name": "Google",
      "description": " Google is well!"
    }
  ]
}